FXX,IDS_DisplayName_1006
CCGT,IDS_DisplayName_1007
Lancer Evolution X GSR,IDS_DisplayName_1009
M3,IDS_DisplayName_1011
F50 GT,IDS_DisplayName_1020
430 Scuderia,IDS_DisplayName_1022
F40 Competizione,IDS_DisplayName_1023
Celica GT-Four ST205,IDS_DisplayName_1034
M1,IDS_DisplayName_1040
SVT Cobra R,IDS_DisplayName_1041
Skyline 2000GT-R,IDS_DisplayName_1042
Skyline GT-R V-Spec,IDS_DisplayName_1043
Firebird Trans Am GTA,IDS_DisplayName_1045
Viper SRT10 ACR,IDS_DisplayName_1046
Z4 M Coupe,IDS_DisplayName_1059
IMPREZA WRX STI,IDS_DisplayName_1060
Charger Daytona HEMI,IDS_DisplayName_1063
Camaro Z28,IDS_DisplayName_1064
Corvette ZR1,IDS_DisplayName_1069
Focus RS,IDS_DisplayName_1086
Corvette,IDS_DisplayName_1093
John Cooper Works,IDS_DisplayName_1098
370Z,IDS_DisplayName_1103
510,IDS_DisplayName_1104
DB5,IDS_DisplayName_1105
RS200 Evolution,IDS_DisplayName_1108
MX-5 Miata,IDS_DisplayName_1110
Reventón,IDS_DisplayName_1125
M5,IDS_DisplayName_1126
458 Italia,IDS_DisplayName_1131
250 Testa Rossa,IDS_DisplayName_1154
Cobra Daytona Coupe,IDS_DisplayName_1155
Murciélago LP 670-4 SV,IDS_DisplayName_1173
Zonda R,IDS_DisplayName_1175
RS 6,IDS_DisplayName_1184
SLS AMG,IDS_DisplayName_1202
NULL CAR,IDS_DisplayName_1215
RS 3 Sportback,IDS_DisplayName_1216
EB110 Super Sport,IDS_DisplayName_1219
TT RS Coupé,IDS_DisplayName_1220
Golf R,IDS_DisplayName_1231
911 Sport Classic,IDS_DisplayName_1234
MT900S,IDS_DisplayName_1246
LFA,IDS_DisplayName_1260
Z3 M Coupe,IDS_DisplayName_1268
2002 Turbo,IDS_DisplayName_1269
DMC-12,IDS_DisplayName_1270
250 California,IDS_DisplayName_1271
Escort RS Cosworth,IDS_DisplayName_1272
Civic Type R,IDS_DisplayName_1273
Firebird Trans Am,IDS_DisplayName_1276
Cuda 426 HEMI,IDS_DisplayName_1277
240SX SE,IDS_DisplayName_1282
GTO,IDS_DisplayName_1285
El Camino Super Sport 454,IDS_DisplayName_1291
Sierra Cosworth RS500,IDS_DisplayName_1293
190E 2.5-16 Evolution II,IDS_DisplayName_1296
Starion ESI-R,IDS_DisplayName_1297
242 Turbo Evolution,IDS_DisplayName_1299
Impala Super Sport 409,IDS_DisplayName_1300
D-Type,IDS_DisplayName_1301
Escort RS1800,IDS_DisplayName_1302
Gran Turismo S,IDS_DisplayName_1304
F1,IDS_DisplayName_1314
365 GTB/4,IDS_DisplayName_1318
599 GTO,IDS_DisplayName_1319
Mustang Mach 1,IDS_DisplayName_1320
Gallardo LP 570-4 Superleggera,IDS_DisplayName_1322
WRX STI,IDS_DisplayName_1323
Veyron Super Sport,IDS_DisplayName_1328
GSX,IDS_DisplayName_1329
Camaro Z28,IDS_DisplayName_1330
Dart HEMI Super Stock,IDS_DisplayName_1332
H1 Alpha,IDS_DisplayName_1345
X5 M,IDS_DisplayName_1350
SC300,IDS_DisplayName_1351
Mustang GT Coupe,IDS_DisplayName_1355
M5,IDS_DisplayName_1367
M5,IDS_DisplayName_1368
Zonda Cinque Roadster,IDS_DisplayName_1369
Avant RS2,IDS_DisplayName_1370
8 Litre,IDS_DisplayName_1372
Elise Series 1 Sport 190,IDS_DisplayName_1376
Impala Super Sport,IDS_DisplayName_1379
Scirocco S,IDS_DisplayName_1380
GTI VR6 Mk3,IDS_DisplayName_1383
1 Series M Coupe,IDS_DisplayName_1385
850 R,IDS_DisplayName_1387
M5,IDS_DisplayName_1388
Sesto Elemento,IDS_DisplayName_1392
MR2 SC,IDS_DisplayName_1395
Aventador LP700-4,IDS_DisplayName_1398
RS 5 Coupé,IDS_DisplayName_1417
M5,IDS_DisplayName_1418
RX-8 R3,IDS_DisplayName_1426
Scirocco R,IDS_DisplayName_1428
Nova Super Sport 396,IDS_DisplayName_1429
Beetle,IDS_DisplayName_1435
Bel Air,IDS_DisplayName_1459
F-150 SVT Raptor,IDS_DisplayName_1460
Transit SuperSportVan,IDS_DisplayName_1477
Gremlin X,IDS_DisplayName_1482
Lotus Cortina,IDS_DisplayName_1486
XKR-S,IDS_DisplayName_1496
C 63 AMG Coupé Black Series,IDS_DisplayName_1500
Celica GT-Four RC ST185,IDS_DisplayName_1517
Wrangler Rubicon,IDS_DisplayName_1522
Exige S,IDS_DisplayName_1523
SLK 55 AMG,IDS_DisplayName_1525
Capri RS3100,IDS_DisplayName_1529
De Luxe Coupe,IDS_DisplayName_1530
Vandura G-1500,IDS_DisplayName_1531
Venom GT,IDS_DisplayName_1532
Torana A9X,IDS_DisplayName_1533
A110 1600s,IDS_DisplayName_1536
911 GT2 RS,IDS_DisplayName_1539
SRT Viper GTS,IDS_DisplayName_1562
Corvette,IDS_DisplayName_1564
Civic RS,IDS_DisplayName_1568
Sprite MkI,IDS_DisplayName_1574
Monte Carlo Super Sport,IDS_DisplayName_1575
Escort RS1600,IDS_DisplayName_1580
F-100,IDS_DisplayName_1581
Aventador J,IDS_DisplayName_1583
205 Turbo 16,IDS_DisplayName_1591
Celica GT,IDS_DisplayName_1592
599XX Evolution,IDS_DisplayName_1599
Gallardo LP570-4 Spyder Performante,IDS_DisplayName_1601
RS 4 Avant,IDS_DisplayName_1607
G 65 AMG,IDS_DisplayName_1627
Atom 500 V8,IDS_DisplayName_1651
Superlight R500,IDS_DisplayName_1652
X-Bow R,IDS_DisplayName_1653
Shelby GT500,IDS_DisplayName_1654
BRZ,IDS_DisplayName_1655
A 45 AMG,IDS_DisplayName_1658
Cooper S,IDS_DisplayName_1662
P1,IDS_DisplayName_1667
Mustang Boss 302,IDS_DisplayName_1668
GT-R Black Edition (R35),IDS_DisplayName_2002
John Cooper Works GP,IDS_DisplayName_2003
MX-5,IDS_DisplayName_2004
S2000 CR,IDS_DisplayName_2005
Corvette ZR-1,IDS_DisplayName_2006
86,IDS_DisplayName_2007
RS 7 Sportback,IDS_DisplayName_2009
R8 Coupé V10 plus 5.2 FSI quattro,IDS_DisplayName_2010
Fiesta ST,IDS_DisplayName_2011
M6 Coupe,IDS_DisplayName_2018
Focus RS,IDS_DisplayName_2019
E 63 AMG,IDS_DisplayName_2021
Clio R.S. 200 EDC,IDS_DisplayName_2022
LaFerrari,IDS_DisplayName_2034
Mono,IDS_DisplayName_2040
Veneno,IDS_DisplayName_2042
MB Jeep,IDS_DisplayName_2049
Type 35 C,IDS_DisplayName_2066
8CTF,IDS_DisplayName_2068
W154,IDS_DisplayName_2069
Type D,IDS_DisplayName_2096
D8 GTO,IDS_DisplayName_2105
Grand Cherokee SRT,IDS_DisplayName_2108
Civic CRX Mugen,IDS_DisplayName_2119
Prelude Si,IDS_DisplayName_2121
GEN-F GTS,IDS_DisplayName_2131
i8,IDS_DisplayName_2133
Defender 90,IDS_DisplayName_2135
Golf R,IDS_DisplayName_2142
Ranger T6 Rally Raid,IDS_DisplayName_2145
Rally Fighter,IDS_DisplayName_2146
Metro 6R4,IDS_DisplayName_2147
X-Raid All4 Racing Countryman,IDS_DisplayName_2148
Clio Williams,IDS_DisplayName_2149
Type 2 De Luxe,IDS_DisplayName_2151
M4 Coupe,IDS_DisplayName_2154
Fiesta XR2,IDS_DisplayName_2158
F-Type R Coupé,IDS_DisplayName_2162
Civic Type R,IDS_DisplayName_2163
Huracán LP 610-4,IDS_DisplayName_2164
WRX STI,IDS_DisplayName_2168
Mazdaspeed MX-5,IDS_DisplayName_2171
MG3,IDS_DisplayName_2173
RC F,IDS_DisplayName_2175
LM 002,IDS_DisplayName_2176
Corvette Z06,IDS_DisplayName_2177
RS 4 Avant,IDS_DisplayName_2178
S1,IDS_DisplayName_2179
RS 6 Avant,IDS_DisplayName_2180
V12 Vantage S,IDS_DisplayName_2181
TTS Coupé,IDS_DisplayName_2182
Camaro Z/28,IDS_DisplayName_2183
458 Speciale,IDS_DisplayName_2184
XFR-S,IDS_DisplayName_2185
Bronco,IDS_DisplayName_2187
One:1,IDS_DisplayName_2188
650S Coupé,IDS_DisplayName_2189
323 GT-R,IDS_DisplayName_2209
XKR-S GT,IDS_DisplayName_2235
#1107 Desert Dingo Racing Stock Bug
ATS-V,IDS_DisplayName_2262
Challenger SRT Hellcat,IDS_DisplayName_2263
MX-5,IDS_DisplayName_2267
Skyline H/T 2000GT-R,IDS_DisplayName_2270
911 Turbo S,IDS_DisplayName_2289
918 Spyder,IDS_DisplayName_2290
Cayman GTS,IDS_DisplayName_2293
911 GT3 RS 4.0,IDS_DisplayName_2297
NSX,IDS_DisplayName_2352
Focus RS,IDS_DisplayName_2357
GT,IDS_DisplayName_2363
FXX K,IDS_DisplayName_2371
De Luxe Five-Window Coupe,IDS_DisplayName_2372
F-150 Raptor,IDS_DisplayName_2397
Shelby GT350R,IDS_DisplayName_2400
Isetta 300 Export,IDS_DisplayName_2412
Manx,IDS_DisplayName_2416
HQ Monaro GTS 350,IDS_DisplayName_2417
Manta 400,IDS_DisplayName_2420
CTS-V Sedan,IDS_DisplayName_2421
Limited Edition Gen-F GTS Maloo,IDS_DisplayName_2422
#6 Penske Sunoco T70 MkIIIB
#24 Tankpool24 Racing Truck
Corsa VXR,IDS_DisplayName_2427
Nomad,IDS_DisplayName_2430
X6 M,IDS_DisplayName_2431
Q60 Concept,IDS_DisplayName_2437
488 GTB,IDS_DisplayName_2467
Charger SRT Hellcat,IDS_DisplayName_2468
2000GT,IDS_DisplayName_247
C 63 S Coupé,IDS_DisplayName_2471
570S Coupé,IDS_DisplayName_2472
R8 V10 plus,IDS_DisplayName_2473
TS1,IDS_DisplayName_2474
M2 Coupé,IDS_DisplayName_2477
Aventador Superveloce,IDS_DisplayName_2479
RXC Turbo,IDS_DisplayName_2486
250 GTO,IDS_DisplayName_249
F-TYPE Project 7,IDS_DisplayName_2492
Vantage GT12,IDS_DisplayName_2493
Range Rover Sport SVR,IDS_DisplayName_2494
150 Utility Sedan,IDS_DisplayName_2507
300 SL Coupé,IDS_DisplayName_251
Sandman HQ panel van,IDS_DisplayName_2510
CJ5 Renegade,IDS_DisplayName_2511
Skyline GTS-R (HR31),IDS_DisplayName_2512
The Cholla,IDS_DisplayName_2515
#11 Rockstar F-150 Trophy Truck
RZR XP 1000 EPS,IDS_DisplayName_2521
Regera,IDS_DisplayName_2526
DB11,IDS_DisplayName_2527
911 GT3 RS,IDS_DisplayName_2528
Cayman GT4,IDS_DisplayName_2529
F355 Berlinetta,IDS_DisplayName_253
968 Turbo S,IDS_DisplayName_2534
3-Eleven,IDS_DisplayName_2541
Viper ACR,IDS_DisplayName_2544
#3 917 LH
FPV Limited Edition Pursuit Ute,IDS_DisplayName_2551
Class 10 Race Car,IDS_DisplayName_2552
Scout 800A,IDS_DisplayName_2558
Mk II 3.8,IDS_DisplayName_2559
Series III,IDS_DisplayName_2560
3 Wheeler,IDS_DisplayName_2562
Supervan III,IDS_DisplayName_2563
FJ40,IDS_DisplayName_2566
Class 5/1600 Baja Bug,IDS_DisplayName_2568
Evolution Coupe 1020,IDS_DisplayName_2569
575M Maranello,IDS_DisplayName_257
XE-S,IDS_DisplayName_2570
F-PACE S,IDS_DisplayName_2571
M12S Warthog CST,IDS_DisplayName_2574
Bone Shaker,IDS_DisplayName_2575
F12tdf,IDS_DisplayName_2577
Falcon GT F 351,IDS_DisplayName_2580
Falcon XA GT-HO,IDS_DisplayName_2585
V60 Polestar,IDS_DisplayName_2586
911 Carrera RS,IDS_DisplayName_260
911 GT2,IDS_DisplayName_261
Jimmy,IDS_DisplayName_2613
Mustang GT 2+2 Fastback,IDS_DisplayName_2614
Centenario LP 770-4,IDS_DisplayName_2616
GT-R (R35),IDS_DisplayName_2618
911 GT3,IDS_DisplayName_262
Chiron,IDS_DisplayName_2624
Bentayga,IDS_DisplayName_2625
M4 GTS,IDS_DisplayName_2628
#1 T100 Baja Truck
Huayra BC,IDS_DisplayName_2647
Crown Victoria Police Interceptor,IDS_DisplayName_2649
911 Turbo 3.3,IDS_DisplayName_265
GT R,IDS_DisplayName_2654
Hilux Arctic Trucks AT38,IDS_DisplayName_2656
Silvia K's Aero,IDS_DisplayName_2659
914/6,IDS_DisplayName_266
TITAN Warrior Concept,IDS_DisplayName_2662
#37 Polaris RZR-Rockstar Energy Pro 2 Truck
Continental Supersports,IDS_DisplayName_2665
944 Turbo,IDS_DisplayName_268
959,IDS_DisplayName_269
X5 Traffic,IDS_DisplayName_2708
Transit SuperSportVan Traffic,IDS_DisplayName_2710
3 Traffic,IDS_DisplayName_2711
Galant Traffic,IDS_DisplayName_2712
Box Truck,IDS_DisplayName_2713
Bus,IDS_DisplayName_2714
Chevrolet Bel Air,IDS_DisplayName_2728
Chevrolet Napalm Nova,IDS_DisplayName_2729
Ford Escort RS1800,IDS_DisplayName_2730
Mazda RX-7 Twerkstallion,IDS_DisplayName_2732
"Ford ""Hoonicorn"" Mustang",IDS_DisplayName_2734
Rauh-Welt Begriff Porsche 911 Turbo,IDS_DisplayName_2736
NISMO GT-R LM,IDS_DisplayName_2738
Camaro ZL1,IDS_DisplayName_2739
Panamera Turbo,IDS_DisplayName_2741
Trailcat,IDS_DisplayName_2742
Land Cruiser Arctic Trucks AT37,IDS_DisplayName_2743
Pickup #23 Rally Raid,IDS_DisplayName_2744
Twin Mill,IDS_DisplayName_2750
911 GT2 RS,IDS_DisplayName_2755
Cayenne Turbo,IDS_DisplayName_2773
#2 GT40 Mk II
#24 Ferrari Spa 330 P4
Elise GT1,IDS_DisplayName_2825
2500 Power Wagon,IDS_DisplayName_2838
Durango SRT,IDS_DisplayName_2839
Grand Cherokee Trackhawk,IDS_DisplayName_2841
05RR,IDS_DisplayName_2844
720S Coupé,IDS_DisplayName_2846
Colorado ZR2,IDS_DisplayName_2847
Levante S,IDS_DisplayName_2865
Civic Type R,IDS_DisplayName_2870
Maverick X RS Turbo R,IDS_DisplayName_2871
Veloster N,IDS_DisplayName_2872
Camaro Super Sport Coupe,IDS_DisplayName_289
Fiesta Traffic,IDS_DisplayName_2894
Flatbed,IDS_DisplayName_2902
Legacy Traffic,IDS_DisplayName_2903
Bora Traffic,IDS_DisplayName_2905
GTI Traffic,IDS_DisplayName_2906
Challenger SRT Demon,IDS_DisplayName_2909
Lotus Carlton,IDS_DisplayName_291
Agera RS,IDS_DisplayName_2910
Minor 1000,IDS_DisplayName_2911
Carrera GT,IDS_DisplayName_292
De Luxe Five-Window Coupe Forza Edition,IDS_DisplayName_2930
F9,IDS_DisplayName_2935
#14 Rahal Letterman Lanigan Racing Fiesta
CC8S,IDS_DisplayName_294
Sesto Elemento Forza Edition,IDS_DisplayName_2941
#24 Tankpool24 Racing Truck Forza Edition
AMG CLK GTR Forza Edition,IDS_DisplayName_2948
Celica SS-I,IDS_DisplayName_295
Fairlady Z Forza Edition,IDS_DisplayName_2951
Cerbera Speed 12,IDS_DisplayName_296
Minor 1000 Forza Edition,IDS_DisplayName_2964
360 Challenge Stradale,IDS_DisplayName_297
A110,IDS_DisplayName_2973
812 Superfast,IDS_DisplayName_2974
Blower 4-1/2 Litre Supercharged,IDS_DisplayName_2976
Anglia 105E,IDS_DisplayName_2979
GT40 MKI,IDS_DisplayName_2980
Escort RS Turbo,IDS_DisplayName_2981
GYMKHANA 10 Ford F-150 'Hoonitruck',IDS_DisplayName_2982
GYMKHANA 10 Ford Escort Cosworth Group A,IDS_DisplayName_2984
Range Rover,IDS_DisplayName_2985
Unimog U5023,IDS_DisplayName_2986
P50,IDS_DisplayName_2987
Senna,IDS_DisplayName_2988
Napier-Railton,IDS_DisplayName_2989
Chevelle Super Sport 454,IDS_DisplayName_299
Lightweight E-Type,IDS_DisplayName_2992
Griffith,IDS_DisplayName_2993
Golf GTI,IDS_DisplayName_2995
#13 Ford Mustang
#530 HSV Maloo GEN-F
#777 Nissan 240SX
#43 Dodge Viper SRT10
Trident,IDS_DisplayName_3005
GYMKHANA 10 Ford Hoonicorn Mustang,IDS_DisplayName_3006
#34 Andretti Beetle
Civic Type R,IDS_DisplayName_302
SSK,IDS_DisplayName_3026
#185 959 Prodrive Rally Raid
356 A 1600 Super,IDS_DisplayName_3036
#98 BMW 325i
Mustang GT,IDS_DisplayName_3046
M-Sport Fiesta RS,IDS_DisplayName_3051
C-X75,IDS_DisplayName_3055
Cobra 427 S/C,IDS_DisplayName_306
X-Class,IDS_DisplayName_3063
GT 4-Door Coupé,IDS_DisplayName_3064
Civic Coupe,IDS_DisplayName_3069
M5,IDS_DisplayName_3071
911 GT3 RS,IDS_DisplayName_3072
Macan Turbo,IDS_DisplayName_3074
MC12 Versione Corsa,IDS_DisplayName_3082
Chevrolet Silverado 1500 Drift Truck,IDS_DisplayName_3088
Exocet Off-Road,IDS_DisplayName_3089
Corrado VR6,IDS_DisplayName_309
Vantage,IDS_DisplayName_3091
#25 Mustang RTR
G 63 AMG 6x6,IDS_DisplayName_3107
Mustang RTR Spec 5,IDS_DisplayName_3108
F-150 Prerunner,IDS_DisplayName_3109
Wrangler Unlimited,IDS_DisplayName_3110
GYMKHANA 10 Ford Focus RS RX,IDS_DisplayName_3115
718 Cayman GTS,IDS_DisplayName_3117
Corvette ZR1,IDS_DisplayName_3118
Ford RS200 Evolution,IDS_DisplayName_3119
Corvette Stingray 427,IDS_DisplayName_312
Urus,IDS_DisplayName_3120
GTC4Lusso,IDS_DisplayName_3122
911 Carrera S,IDS_DisplayName_3123
Transit,IDS_DisplayName_3126
#25 Brocky Ultra4 Bronco RTR
Mégane R26.R,IDS_DisplayName_3129
John Cooper Works Countryman ALL4,IDS_DisplayName_3131
X-raid John Cooper Works Buggy,IDS_DisplayName_3132
MEGANE R.S.,IDS_DisplayName_3134
Range Rover Velar First Edition,IDS_DisplayName_3136
Corvette Z06,IDS_DisplayName_314
Concept Two,IDS_DisplayName_3140
Intensa Emozione,IDS_DisplayName_3141
Camaro ZL1 1LE,IDS_DisplayName_3149
Corvette ZR-1,IDS_DisplayName_315
#88 Mustang RTR
600LT Coupé,IDS_DisplayName_3153
720S Spider,IDS_DisplayName_3154
Speedtail,IDS_DisplayName_3156
Countach LP5000 QV,IDS_DisplayName_316
I-PACE,IDS_DisplayName_3164
GT70,IDS_DisplayName_3167
Divo,IDS_DisplayName_3168
Supervan 3,IDS_DisplayName_3170
Z4 Roadster,IDS_DisplayName_3173
Ranger Raptor,IDS_DisplayName_3174
AMG Hammer Coupe,IDS_DisplayName_3176
205 Rallye,IDS_DisplayName_3180
Racing Escort MK1,IDS_DisplayName_3183
#5 Escort RS1800 MkII
DBS Superleggera,IDS_DisplayName_3185
Macan LPR Rally Raid,IDS_DisplayName_3187
#65 Rothsport Racing 911 Desert Flyer
VelociRaptor 6X6,IDS_DisplayName_3189
Espada 400 GT,IDS_DisplayName_3191
Zerouno,IDS_DisplayName_3194
Tachyon Speed,IDS_DisplayName_3196
CR-X SiR,IDS_DisplayName_320
Cyclone Spoiler,IDS_DisplayName_3206
Vulcan AMR Pro,IDS_DisplayName_3211
TSR-S,IDS_DisplayName_3212
Huracán Performante,IDS_DisplayName_3217
Portofino,IDS_DisplayName_3225
J50,IDS_DisplayName_3226
488 Pista,IDS_DisplayName_3227
Racing Puma,IDS_DisplayName_3228
#777 Chevrolet Corvette
Diablo GTR,IDS_DisplayName_324
#64 Nissan 370Z
#117 599 GTB Fiorano
Diablo SV,IDS_DisplayName_325
E 63 S,IDS_DisplayName_3250
Gladiator Rubicon,IDS_DisplayName_3255
Pulsar GTI-R,IDS_DisplayName_3257
Dino 246 GT,IDS_DisplayName_326
4L Export,IDS_DisplayName_3261
Eclipse GSX,IDS_DisplayName_327
XPower SV-R,IDS_DisplayName_3271
S1,IDS_DisplayName_3276
Mustang Shelby GT500,IDS_DisplayName_3277
Flatbed Truck,IDS_DisplayName_3279
TT RS,IDS_DisplayName_3286
Sport XJR-15,IDS_DisplayName_3287
Aventador SVJ,IDS_DisplayName_3289
XJ220S TWR,IDS_DisplayName_3293
Elan Sprint,IDS_DisplayName_330
FXX-K Evo,IDS_DisplayName_3311
Monza SP2,IDS_DisplayName_3312
Jesko,IDS_DisplayName_3315
Enzo Ferrari,IDS_DisplayName_333
E-type,IDS_DisplayName_336
Valhalla Concept Car,IDS_DisplayName_3364
EP9,IDS_DisplayName_3366
Corvette Stingray Coupé,IDS_DisplayName_3369
Ford Escort RS Cosworth WRC Cossie V2,IDS_DisplayName_3370
Huracán EVO,IDS_DisplayName_3371
F1 GT,IDS_DisplayName_338
8 Gordini,IDS_DisplayName_3395
F40,IDS_DisplayName_340
#99 Mazda RX-8
GR Supra,IDS_DisplayName_3402
#2069 Ford Performance Bronco R
#34 Toyota Supra MkIV
STI S209,IDS_DisplayName_3412
Golf R,IDS_DisplayName_3413
Defender 110 X,IDS_DisplayName_3414
XJ13,IDS_DisplayName_3415
F50,IDS_DisplayName_342
Fairlady Z 432,IDS_DisplayName_343
GT,IDS_DisplayName_3437
Fairlady Z,IDS_DisplayName_344
Toyota Tacoma TRD The Performance Truck,IDS_DisplayName_3441
Taycan Turbo S,IDS_DisplayName_3445
#357 Chevrolet Corvette Z06
Evija,IDS_DisplayName_3449
Fairlady Z Version S Twin Turbo,IDS_DisplayName_345
Super Duty F-450 DRW PLATINUM,IDS_DisplayName_3476
GT,IDS_DisplayName_348
Colorado ZR2,IDS_DisplayName_3483
Bronco,IDS_DisplayName_3484
F-150 Raptor,IDS_DisplayName_3485
Wrangler Rubicon,IDS_DisplayName_3486
X-Class,IDS_DisplayName_3487
Beetle,IDS_DisplayName_3488
Bronco,IDS_DisplayName_3489
Monster Trucks Bone Shaker,IDS_DisplayName_3514
#151 Toyota GR Supra
#411 Toyota Corolla Hatchback
Toyota Gumout 2JZ Camry Stock Car,IDS_DisplayName_3528
Nissan Gold Leader Datsun 280Z,IDS_DisplayName_3529
Golf Gti 16v Mk2,IDS_DisplayName_353
Golf R32,IDS_DisplayName_354
RX3,IDS_DisplayName_3540
Sunshine S,IDS_DisplayName_3548
#91 BMW M2
X5 M Forza Edition,IDS_DisplayName_3556
Corvette Forza Edition,IDS_DisplayName_3559
Charger R/T Forza Edition,IDS_DisplayName_3561
Exocet Off-Road Forza Edition,IDS_DisplayName_3562
Racing Puma Forza Edition,IDS_DisplayName_3564
Gran Turismo S Forza Edition,IDS_DisplayName_3568
GTO,IDS_DisplayName_357
Manx Forza Edition,IDS_DisplayName_3570
Huayra BC Forza Edition,IDS_DisplayName_3572
Firebird Trans Am GTA Forza Edition,IDS_DisplayName_3573
911 GT3 RS Forza Edition,IDS_DisplayName_3574
Beetle Forza Edition,IDS_DisplayName_3577
288 GTO,IDS_DisplayName_358
Impreza 22B-STi Version,IDS_DisplayName_363
Carnival Float,IDS_DisplayName_3634
Beetle,IDS_DisplayName_3636
Metro 6R4,IDS_DisplayName_3639
IMPREZA WRX STi,IDS_DisplayName_364
Focus RS,IDS_DisplayName_3640
IMPREZA WRX STI,IDS_DisplayName_365
Mercedes-AMG ONE,IDS_DisplayName_3650
Beetle Traffic Taxi,IDS_DisplayName_3664
Integra Type R,IDS_DisplayName_368
Supra RZ,IDS_DisplayName_3681
Welcome Pack Intensa Emozione,IDS_DisplayName_3682
Welcome Pack Lancer Evolution X GSR,IDS_DisplayName_3683
Welcome Pack #2069 Ford Bronco R,IDS_DisplayName_3684
Welcome Pack Taycan Turbo S,IDS_DisplayName_3685
Welcome Pack GT 'OPI Edition',IDS_DisplayName_3699
Lancer Evolution IX MR,IDS_DisplayName_374
Lancer Evolution VI GSR,IDS_DisplayName_375
Lancer Evolution VIII MR,IDS_DisplayName_378
M3,IDS_DisplayName_382
M3,IDS_DisplayName_383
Monaro VXR,IDS_DisplayName_397
SVT Cobra R,IDS_DisplayName_405
NSX-R,IDS_DisplayName_411
NSX-R,IDS_DisplayName_412
Regal GNX,IDS_DisplayName_417
RS 4,IDS_DisplayName_419
RS 6,IDS_DisplayName_420
RSX Type S,IDS_DisplayName_422
Savanna RX-7,IDS_DisplayName_423
RX-7,IDS_DisplayName_424
RX-7 Spirit R Type-A,IDS_DisplayName_425
S2000,IDS_DisplayName_427
S7,IDS_DisplayName_432
Sagaris,IDS_DisplayName_433
Silvia CLUB K's,IDS_DisplayName_439
Silvia K's,IDS_DisplayName_440
Silvia Spec-R,IDS_DisplayName_441
Skyline GT-R V-Spec,IDS_DisplayName_444
Skyline GT-R V-Spec II,IDS_DisplayName_445
Sprinter Trueno GT Apex,IDS_DisplayName_455
Supra 2.0 GT,IDS_DisplayName_460
Supra RZ,IDS_DisplayName_461
Viper GTS ACR,IDS_DisplayName_483
XJ220,IDS_DisplayName_489
Charger R/T,IDS_DisplayName_513
M3-GTR,IDS_DisplayName_565
R390 (GT1),IDS_DisplayName_567
AMG CLK GTR,IDS_DisplayName_568
NSX-R GT,IDS_DisplayName_569
207 Super 2000,IDS_DisplayName_615
Civic Type R,IDS_DisplayName_625
Sport quattro,IDS_DisplayName_633
5 Turbo,IDS_DisplayName_634
Miura P400,IDS_DisplayName_637
Challenger R/T,IDS_DisplayName_639
911 GT1 Strassenversion,IDS_DisplayName_641
M3,IDS_DisplayName_642
205 T16,IDS_DisplayName_9000
Mercedes-AMG ONE,IDS_DisplayName_9003
Ferrari FXX,IDS_ModelShort_1006
Koenigsegg CCGT,IDS_ModelShort_1007
Lancer GSR '08,IDS_ModelShort_1009
BMW M3 '08,IDS_ModelShort_1011
Ferrari F50 GT,IDS_ModelShort_1020
Ferrari 430 S,IDS_ModelShort_1022
Ferrari F40 C,IDS_ModelShort_1023
Toyota Celica'94,IDS_ModelShort_1034
BMW M1,IDS_ModelShort_1040
Ford Mustang '93,IDS_ModelShort_1041
Nissan GT-R '71,IDS_ModelShort_1042
Nissan GT-R '97,IDS_ModelShort_1043
Pontiac T/A '87,IDS_ModelShort_1045
Dodge Viper '08,IDS_ModelShort_1046
BMW Z4 '08,IDS_ModelShort_1059
SUBARU WRX '08,IDS_ModelShort_1060
Charger Daytona,IDS_ModelShort_1063
Chevy Camaro '79,IDS_ModelShort_1064
Corvette '09,IDS_ModelShort_1069
Ford Focus '09,IDS_ModelShort_1086
Corvette '60,IDS_ModelShort_1093
MINI JCW '09,IDS_ModelShort_1098
Nissan 370Z,IDS_ModelShort_1103
Datsun 510,IDS_ModelShort_1104
AM DB5,IDS_ModelShort_1105
Ford RS200,IDS_ModelShort_1108
Mazda MX-5 '94,IDS_ModelShort_1110
Lambo Reventón,IDS_ModelShort_1125
BMW M5 '09,IDS_ModelShort_1126
Ferrari 458,IDS_ModelShort_1131
Ferrari 250 TR,IDS_ModelShort_1154
Shelby Daytona,IDS_ModelShort_1155
Lambo Murciélago,IDS_ModelShort_1173
Pagani Zonda R,IDS_ModelShort_1175
Audi RS 6 '09,IDS_ModelShort_1184
M-B SLS AMG,IDS_ModelShort_1202
NULL CAR,IDS_ModelShort_1215
Audi RS 3,IDS_ModelShort_1216
Bugatti EB110,IDS_ModelShort_1219
Audi TT RS,IDS_ModelShort_1220
VW Golf R '10,IDS_ModelShort_1231
Porsche 911 SC,IDS_ModelShort_1234
Mosler MT900S,IDS_ModelShort_1246
Lexus LFA,IDS_ModelShort_1260
BMW Z3,IDS_ModelShort_1268
BMW 2002 Turbo,IDS_ModelShort_1269
DeLorean DMC-12,IDS_ModelShort_1270
Ferrari 250 Cali,IDS_ModelShort_1271
Ford Escort '92,IDS_ModelShort_1272
Honda Civic '97,IDS_ModelShort_1273
Pontiac T/A '77,IDS_ModelShort_1276
Plymouth Cuda,IDS_ModelShort_1277
Nissan 240SX,IDS_ModelShort_1282
Pontiac GTO '65,IDS_ModelShort_1285
Chevy El Camino,IDS_ModelShort_1291
Ford RS500,IDS_ModelShort_1293
M-B 190E,IDS_ModelShort_1296
Starion ESI-R,IDS_ModelShort_1297
Volvo 242 Turbo,IDS_ModelShort_1299
Chevy Impala,IDS_ModelShort_1300
Jaguar D-Type,IDS_ModelShort_1301
Ford Escort '77,IDS_ModelShort_1302
Maserati GT-S,IDS_ModelShort_1304
McLaren F1,IDS_ModelShort_1314
Ferrari 365 GTB4,IDS_ModelShort_1318
Ferrari 599 GTO,IDS_ModelShort_1319
Ford Mustang '71,IDS_ModelShort_1320
Lambo Gallardo,IDS_ModelShort_1322
SUBARU WRX '11,IDS_ModelShort_1323
Bugatti Veyron,IDS_ModelShort_1328
Buick GSX,IDS_ModelShort_1329
Chevy Camaro '70,IDS_ModelShort_1330
Dodge Dart '68,IDS_ModelShort_1332
HUMMER H1,IDS_ModelShort_1345
BMW X5 M,IDS_ModelShort_1350
Lexus SC300,IDS_ModelShort_1351
Ford Mustang '65,IDS_ModelShort_1355
BMW M5 '03,IDS_ModelShort_1367
BMW M5 '88,IDS_ModelShort_1368
Pagani Zonda C,IDS_ModelShort_1369
Audi RS2 '95,IDS_ModelShort_1370
Bentley 8 Litre,IDS_ModelShort_1372
Lotus Elise '99,IDS_ModelShort_1376
Chevy Impala '96,IDS_ModelShort_1379
VW Scirocco '81,IDS_ModelShort_1380
VW Golf '98,IDS_ModelShort_1383
BMW 1M,IDS_ModelShort_1385
Volvo 850,IDS_ModelShort_1387
BMW M5 '12,IDS_ModelShort_1388
Lambo Sesto,IDS_ModelShort_1392
Toyota MR2 '89,IDS_ModelShort_1395
Aventador '12,IDS_ModelShort_1398
Audi RS 5,IDS_ModelShort_1417
BMW M5 '95,IDS_ModelShort_1418
Mazda RX-8,IDS_ModelShort_1426
VW Scirocco '11,IDS_ModelShort_1428
Chevy Nova '69,IDS_ModelShort_1429
VW Beetle,IDS_ModelShort_1435
Chevy Bel Air,IDS_ModelShort_1459
Ford Raptor '11,IDS_ModelShort_1460
Ford Transit SSV,IDS_ModelShort_1477
AMC Gremlin,IDS_ModelShort_1482
Ford Cortina,IDS_ModelShort_1486
Jaguar XKR-S '12,IDS_ModelShort_1496
M-B C63,IDS_ModelShort_1500
Toyota Celica'92,IDS_ModelShort_1517
Jeep Wrangler,IDS_ModelShort_1522
Lotus Exige S,IDS_ModelShort_1523
M-B SLK,IDS_ModelShort_1525
Ford Capri MkI,IDS_ModelShort_1529
Ford Coupe '40,IDS_ModelShort_1530
GMC Vandura,IDS_ModelShort_1531
Hennessey Venom,IDS_ModelShort_1532
Holden Torana,IDS_ModelShort_1533
Alpine A110 '73,IDS_ModelShort_1536
911 GT2 RS '12,IDS_ModelShort_1539
Dodge Viper '13,IDS_ModelShort_1562
Corvette '53,IDS_ModelShort_1564
Honda Civic '74,IDS_ModelShort_1568
Sprite MkI,IDS_ModelShort_1574
Chevy MonteCarlo,IDS_ModelShort_1575
Ford Escort '73,IDS_ModelShort_1580
Ford F-100,IDS_ModelShort_1581
Aventador J,IDS_ModelShort_1583
Peugeot 205 T16,IDS_ModelShort_1591
Toyota Celica'74,IDS_ModelShort_1592
Ferrari 599XX E,IDS_ModelShort_1599
Gallardo Spyder,IDS_ModelShort_1601
Audi RS 4 '13,IDS_ModelShort_1607
M-B G 65,IDS_ModelShort_1627
Ariel Atom,IDS_ModelShort_1651
Caterham R500,IDS_ModelShort_1652
KTM X-Bow,IDS_ModelShort_1653
Ford Mustang '13,IDS_ModelShort_1654
SUBARU BRZ,IDS_ModelShort_1655
M-B A45,IDS_ModelShort_1658
MINI '65,IDS_ModelShort_1662
McLaren P1,IDS_ModelShort_1667
Ford Mustang '69,IDS_ModelShort_1668
Nissan GT-R '12,IDS_ModelShort_2002
MINI JCW '12,IDS_ModelShort_2003
Mazda MX-5 '13,IDS_ModelShort_2004
Honda S2000,IDS_ModelShort_2005
Corvette '95,IDS_ModelShort_2006
Toyota 86,IDS_ModelShort_2007
Audi RS 7,IDS_ModelShort_2009
Audi R8 '13,IDS_ModelShort_2010
Ford Fiesta '14,IDS_ModelShort_2011
BMW M6 '13,IDS_ModelShort_2018
Ford Focus '03,IDS_ModelShort_2019
M-B E63,IDS_ModelShort_2021
Renault Clio '13,IDS_ModelShort_2022
LaFerrari,IDS_ModelShort_2034
BAC Mono,IDS_ModelShort_2040
Lambo Veneno,IDS_ModelShort_2042
Willys Jeep,IDS_ModelShort_2049
Bugatti T35 C,IDS_ModelShort_2066
Maserati 8CTF,IDS_ModelShort_2068
M-B W154,IDS_ModelShort_2069
AutoUnion Type D,IDS_ModelShort_2096
Donkervoort GTO,IDS_ModelShort_2105
Cherokee '14,IDS_ModelShort_2108
Honda Civic '84,IDS_ModelShort_2119
Honda Prelude 94,IDS_ModelShort_2121
HSV GEN-F GTS,IDS_ModelShort_2131
BMW i8,IDS_ModelShort_2133
LR Defender,IDS_ModelShort_2135
VW Golf R '14,IDS_ModelShort_2142
Ford Ranger T6,IDS_ModelShort_2145
Rally Fighter,IDS_ModelShort_2146
MG Metro 6R4,IDS_ModelShort_2147
MINI X-Raid,IDS_ModelShort_2148
Renault Clio '93,IDS_ModelShort_2149
VW Type 2,IDS_ModelShort_2151
BMW M4 '14,IDS_ModelShort_2154
Ford Fiesta '81,IDS_ModelShort_2158
Jaguar F-TYPE,IDS_ModelShort_2162
Honda Civic '16,IDS_ModelShort_2163
Lambo Huracán,IDS_ModelShort_2164
SUBARU WRX '15,IDS_ModelShort_2168
Mazda MX-5 '05,IDS_ModelShort_2171
MG MG3,IDS_ModelShort_2173
Lexus RC F,IDS_ModelShort_2175
Lambo LM 002,IDS_ModelShort_2176
Corvette '15,IDS_ModelShort_2177
Audi RS 4 '01,IDS_ModelShort_2178
Audi S1,IDS_ModelShort_2179
Audi RS 6 '15,IDS_ModelShort_2180
Vantage S '13,IDS_ModelShort_2181
Audi TTS,IDS_ModelShort_2182
Chevy Camaro '15,IDS_ModelShort_2183
Ferrari 458 S,IDS_ModelShort_2184
Jaguar XFR-S,IDS_ModelShort_2185
Ford Bronco,IDS_ModelShort_2187
Koenigsegg One,IDS_ModelShort_2188
McLaren 650S,IDS_ModelShort_2189
Mazda 323 GT-R,IDS_ModelShort_2209
Jaguar XKR-S '15,IDS_ModelShort_2235
#1107 VW Bug
Caddy ATS-V,IDS_ModelShort_2262
Challenger '15,IDS_ModelShort_2263
Mazda MX-5 '16,IDS_ModelShort_2267
Nissan GT-R '73,IDS_ModelShort_2270
911 Turbo '14,IDS_ModelShort_2289
Porsche 918,IDS_ModelShort_2290
Porsche Cayman,IDS_ModelShort_2293
911 GT3 RS4 '12,IDS_ModelShort_2297
Acura NSX '17,IDS_ModelShort_2352
Ford Focus '17,IDS_ModelShort_2357
Ford GT '17,IDS_ModelShort_2363
Ferrari FXX K,IDS_ModelShort_2371
Ford Coupe '32,IDS_ModelShort_2372
Ford Raptor '17,IDS_ModelShort_2397
Ford Mustang '16,IDS_ModelShort_2400
BMW Isetta,IDS_ModelShort_2412
Meyers Manx,IDS_ModelShort_2416
Holden Monaro,IDS_ModelShort_2417
Opel Manta 400,IDS_ModelShort_2420
Caddy CTS-V '16,IDS_ModelShort_2421
HSV Maloo '14,IDS_ModelShort_2422
#6 Lola T70
#24 M-B Truck
VauxCorsa '16,IDS_ModelShort_2427
Ariel Nomad,IDS_ModelShort_2430
BMW X6 M,IDS_ModelShort_2431
Infiniti Q60,IDS_ModelShort_2437
Ferrari 488 GTB,IDS_ModelShort_2467
Dodge Charger 15,IDS_ModelShort_2468
Toyota 2000GT,IDS_ModelShort_247
M-B AMG C 63 '16,IDS_ModelShort_2471
McLaren 570S,IDS_ModelShort_2472
Audi R8 V10 plus,IDS_ModelShort_2473
Zenvo TS1,IDS_ModelShort_2474
BMW M2,IDS_ModelShort_2477
Aventador '16,IDS_ModelShort_2479
Radical RXC,IDS_ModelShort_2486
Ferrari 250 GTO,IDS_ModelShort_249
Jaguar Project 7,IDS_ModelShort_2492
AM Vantage '16,IDS_ModelShort_2493
Range Rover '15,IDS_ModelShort_2494
Chevy 150 Sedan,IDS_ModelShort_2507
M-B 300SL,IDS_ModelShort_251
Holden Sandman,IDS_ModelShort_2510
Jeep CJ5,IDS_ModelShort_2511
Nissan GTS-R '87,IDS_ModelShort_2512
Penhall Cholla,IDS_ModelShort_2515
#11 Ford F-150
RZR 1000,IDS_ModelShort_2521
Regera,IDS_ModelShort_2526
AM DB11,IDS_ModelShort_2527
911 GT3 RS '16,IDS_ModelShort_2528
Porsche Cayman,IDS_ModelShort_2529
Ferrari F355,IDS_ModelShort_253
Porsche 968,IDS_ModelShort_2534
Lotus 3-Eleven,IDS_ModelShort_2541
Dodge Viper '16,IDS_ModelShort_2544
Porsche 917 LH,IDS_ModelShort_2549
Ford Ute '14,IDS_ModelShort_2551
Alumi Craft C.10,IDS_ModelShort_2552
IH Scout 800A,IDS_ModelShort_2558
Jaguar Mk II 3.8,IDS_ModelShort_2559
LR Series III,IDS_ModelShort_2560
Morgan 3 Wheeler,IDS_ModelShort_2562
Reliant Supervan,IDS_ModelShort_2563
Toyota FJ40,IDS_ModelShort_2566
VW Class 5 Bug,IDS_ModelShort_2568
Ultima 1020,IDS_ModelShort_2569
Ferrari 575M,IDS_ModelShort_257
Jaguar XE-S,IDS_ModelShort_2570
Jaguar F-PACE S,IDS_ModelShort_2571
M12S Warthog CST,IDS_ModelShort_2574
Bone Shaker,IDS_ModelShort_2575
Ferrari F12tdf,IDS_ModelShort_2577
Ford Falcon '15,IDS_ModelShort_2580
Ford Falcon '72,IDS_ModelShort_2585
Volvo V60,IDS_ModelShort_2586
911 Carrera '73,IDS_ModelShort_260
911 GT2 '95,IDS_ModelShort_261
GMC K5 Jimmy,IDS_ModelShort_2613
Ford Mustang '68,IDS_ModelShort_2614
Lambo Centenario,IDS_ModelShort_2616
Nissan GT-R '17,IDS_ModelShort_2618
911 GT3 '04,IDS_ModelShort_262
Bugatti Chiron,IDS_ModelShort_2624
Bentley Bentayga,IDS_ModelShort_2625
BMW M4 '16,IDS_ModelShort_2628
#1 Toyota T100
Pagani Huayra BC,IDS_ModelShort_2647
Crown Victoria,IDS_ModelShort_2649
911 Turbo '82,IDS_ModelShort_265
M-B AMG GTR,IDS_ModelShort_2654
Toyota AT38,IDS_ModelShort_2656
Silvia '98,IDS_ModelShort_2659
Porsche 914/6,IDS_ModelShort_266
Nissan TITAN,IDS_ModelShort_2662
#37 Pro 2 Truck
Bentley Cont '17,IDS_ModelShort_2665
Porsche 944,IDS_ModelShort_268
Porsche 959,IDS_ModelShort_269
BMW Traffic,IDS_ModelShort_2708
Ford Traffic,IDS_ModelShort_2710
Mazda Traffic,IDS_ModelShort_2711
Galant Traffic,IDS_ModelShort_2712
Box Traffic,IDS_ModelShort_2713
Bus Traffic,IDS_ModelShort_2714
Hoonigan Bel Air,IDS_ModelShort_2728
Hoonigan Nova,IDS_ModelShort_2729
Hoonigan Escort,IDS_ModelShort_2730
Twerkstallion,IDS_ModelShort_2732
Hoonicorn,IDS_ModelShort_2734
Hoonigan Porsche,IDS_ModelShort_2736
Nissan GT-R '95,IDS_ModelShort_2738
Chevy Camaro '17,IDS_ModelShort_2739
Porsche Panamera,IDS_ModelShort_2741
Jeep Trailcat,IDS_ModelShort_2742
Toyota AT37,IDS_ModelShort_2743
#23 Nissan RR
Twin Mill,IDS_ModelShort_2750
911 GT2 RS '18,IDS_ModelShort_2755
Porsche Cayenne,IDS_ModelShort_2773
#2 Ford GT40
#24 Ferrari P4
Lotus Elise GT1,IDS_ModelShort_2825
RAM Power Wagon,IDS_ModelShort_2838
Dodge Durango,IDS_ModelShort_2839
Jeep Trackhawk,IDS_ModelShort_2841
VUHL 05RR,IDS_ModelShort_2844
McLaren 720S,IDS_ModelShort_2846
Chevrolet ZR2,IDS_ModelShort_2847
Maserati Levante,IDS_ModelShort_2865
Honda Civic '18,IDS_ModelShort_2870
Can-Am Maverick,IDS_ModelShort_2871
Veloster N,IDS_ModelShort_2872
Chevy Camaro '69,IDS_ModelShort_289
Fiesta Traffic,IDS_ModelShort_2894
Flatbed Traffic,IDS_ModelShort_2902
Legacy Traffic,IDS_ModelShort_2903
Bora Traffic,IDS_ModelShort_2905
GTI Traffic,IDS_ModelShort_2906
Dodge SRT Demon,IDS_ModelShort_2909
Vaux Carlton,IDS_ModelShort_291
Agera RS,IDS_ModelShort_2910
Morris Minor,IDS_ModelShort_2911
Porsche Carrera,IDS_ModelShort_292
Ford Coupe FE,IDS_ModelShort_2930
Funco F9,IDS_ModelShort_2935
#14 Ford Fiesta
Koenigsegg CC8S,IDS_ModelShort_294
Lambo Sesto FE,IDS_ModelShort_2941
#24 M-B Truck FE
M-B CLK-GTR FE,IDS_ModelShort_2948
Toyota Celica'03,IDS_ModelShort_295
Fairlady Z FE,IDS_ModelShort_2951
TVR Speed 12,IDS_ModelShort_296
Morris Minor FE,IDS_ModelShort_2964
Ferrari 360 CS,IDS_ModelShort_297
Alpine A110 '17,IDS_ModelShort_2973
Ferrari 812,IDS_ModelShort_2974
Bentley Blower,IDS_ModelShort_2976
Ford Anglia '59,IDS_ModelShort_2979
Ford GT40 '64,IDS_ModelShort_2980
Ford Escort RS,IDS_ModelShort_2981
Hoonigan F-150,IDS_ModelShort_2982
Hoonigan Group A,IDS_ModelShort_2984
Range Rover '73,IDS_ModelShort_2985
M-B Unimog,IDS_ModelShort_2986
Peel P50,IDS_ModelShort_2987
McLaren Senna,IDS_ModelShort_2988
Napier Railton,IDS_ModelShort_2989
Chevelle '70,IDS_ModelShort_299
Jaguar LW E-Type,IDS_ModelShort_2992
TVR Griffith,IDS_ModelShort_2993
VW Golf GTI '83,IDS_ModelShort_2995
#13 Ford Mustang
#530 HSV Maloo
#777 Nissan 240
#43 Dodge Viper
Peel Trident,IDS_ModelShort_3005
Hoonicorn v2,IDS_ModelShort_3006
#34 VW Beetle
Honda Civic '04,IDS_ModelShort_302
M-B SSK,IDS_ModelShort_3026
#185 Porsche 959
Porsche 356 '59,IDS_ModelShort_3036
#98 BMW 325i
Ford Mustang '18,IDS_ModelShort_3046
Ford Fiesta RS,IDS_ModelShort_3051
Jaguar C-X75,IDS_ModelShort_3055
Shelby Cobra 427,IDS_ModelShort_306
M-B X-Class,IDS_ModelShort_3063
M-B GT 4 '18,IDS_ModelShort_3064
Honda Civic,IDS_ModelShort_3069
BMW M5 '18,IDS_ModelShort_3071
911 GT3 RS '19,IDS_ModelShort_3072
Macan Turbo '19,IDS_ModelShort_3074
MC12 Corsa '08,IDS_ModelShort_3082
Silverado DD,IDS_ModelShort_3088
Exocet Off-Road,IDS_ModelShort_3089
VW Corrado,IDS_ModelShort_309
AM Vantage '19,IDS_ModelShort_3091
#25 RTR Mustang
M-B G 63 6x6,IDS_ModelShort_3107
Ford Mustang S5,IDS_ModelShort_3108
Deberti F-150,IDS_ModelShort_3109
Deberti Wrangler,IDS_ModelShort_3110
GYMKHANA10 Focus,IDS_ModelShort_3115
Porsche 718 GTS,IDS_ModelShort_3117
Corvette '19,IDS_ModelShort_3118
Hoonigan RS200,IDS_ModelShort_3119
Corvette '67,IDS_ModelShort_312
Urus '19,IDS_ModelShort_3120
Ferrari GTC4L,IDS_ModelShort_3122
Porsche 911 '19,IDS_ModelShort_3123
Ford Transit Mk1,IDS_ModelShort_3126
#25 Ford Bronco
Mégane R26.R,IDS_ModelShort_3129
MINI Countryman,IDS_ModelShort_3131
MINI JCW Buggy,IDS_ModelShort_3132
MEGANE R.S. '18,IDS_ModelShort_3134
Land Rover Velar,IDS_ModelShort_3136
Corvette '02,IDS_ModelShort_314
Rimac Concept 2,IDS_ModelShort_3140
Apollo IE '18,IDS_ModelShort_3141
Chevy Camaro '18,IDS_ModelShort_3149
Corvette '70,IDS_ModelShort_315
#88 RTR Mustang
McLaren 600LT,IDS_ModelShort_3153
720S Spider,IDS_ModelShort_3154
Speedtail '19,IDS_ModelShort_3156
Lambo Countach,IDS_ModelShort_316
Jaguar I-PACE,IDS_ModelShort_3164
Ford GT70 '70,IDS_ModelShort_3167
Bugatti Divo,IDS_ModelShort_3168
Ford Supervan 3,IDS_ModelShort_3170
BMW Z4 '19,IDS_ModelShort_3173
Ranger Raptor,IDS_ModelShort_3174
AMG Hammer Coupe,IDS_ModelShort_3176
Peugeot 205 R,IDS_ModelShort_3180
Ford Escort '67,IDS_ModelShort_3183
#5 Escort '77
AM DBS SL '19,IDS_ModelShort_3185
Porsche Macan RR,IDS_ModelShort_3187
#65 911 Desert
VelociRaptor '19,IDS_ModelShort_3189
Espada 400GT '73,IDS_ModelShort_3191
ID Zerouno '18,IDS_ModelShort_3194
RAESR TS '19,IDS_ModelShort_3196
Honda CR-X,IDS_ModelShort_320
Mercury Cyclone,IDS_ModelShort_3206
AM Vulcan AMR,IDS_ModelShort_3211
Zenvo TSR-S,IDS_ModelShort_3212
Lambo Huracán P,IDS_ModelShort_3217
Portofino '18,IDS_ModelShort_3225
Ferrari J50 '17,IDS_ModelShort_3226
488 Pista '19,IDS_ModelShort_3227
Ford Racing Puma,IDS_ModelShort_3228
#777 Corvette
Diablo GTR,IDS_ModelShort_324
#64 Nissan 370Z
Formula D 599,IDS_ModelShort_3249
Lambo Diablo SV,IDS_ModelShort_325
Mercedes-AMG E63,IDS_ModelShort_3250
Jeep Gladiator,IDS_ModelShort_3255
Nissan Pulsar,IDS_ModelShort_3257
Ferrari Dino,IDS_ModelShort_326
Renault 4L '68,IDS_ModelShort_3261
Eclipse GSX,IDS_ModelShort_327
MG SV-R '05,IDS_ModelShort_3271
Saleen S1 '18,IDS_ModelShort_3276
Ford GT500 '20,IDS_ModelShort_3277
Flatbed Truck,IDS_ModelShort_3279
Audi TT RS '18,IDS_ModelShort_3286
Jaguar XJR-15,IDS_ModelShort_3287
Aventador SVJ,IDS_ModelShort_3289
Jaguar XJ220S,IDS_ModelShort_3293
Lotus Elan,IDS_ModelShort_330
Ferrari FXX-K E,IDS_ModelShort_3311
Ferrari Monza,IDS_ModelShort_3312
Koenigsegg Jesko,IDS_ModelShort_3315
Ferrari Enzo,IDS_ModelShort_333
Jaguar E-type,IDS_ModelShort_336
Valhalla Concept,IDS_ModelShort_3364
NIO EP9,IDS_ModelShort_3366
Corvette C8 '20,IDS_ModelShort_3369
Hoonigan Cossie,IDS_ModelShort_3370
Huracán EVO,IDS_ModelShort_3371
McLaren F1 GT,IDS_ModelShort_338
Renault 8,IDS_ModelShort_3395
Ferrari F40,IDS_ModelShort_340
#99 Mazda RX-8
Toyota Supra '20,IDS_ModelShort_3402
#2069 Bronco R
#34 Toyota Supra
SUBARU STI S209,IDS_ModelShort_3412
VW Golf R '21,IDS_ModelShort_3413
LR Defender '20,IDS_ModelShort_3414
Jaguar XJ13,IDS_ModelShort_3415
Ferrari F50,IDS_ModelShort_342
Fairlady Z '69,IDS_ModelShort_343
McLaren GT,IDS_ModelShort_3437
Fairlady Z '03,IDS_ModelShort_344
DD Tacoma TRD,IDS_ModelShort_3441
Porsche Taycan S,IDS_ModelShort_3445
#357 Corvette
Lotus Evija '20,IDS_ModelShort_3449
Fairlady Z '94,IDS_ModelShort_345
Ford SD F-450,IDS_ModelShort_3476
Ford GT '05,IDS_ModelShort_348
Chevrolet ZR2,IDS_ModelShort_3483
Ford Bronco,IDS_ModelShort_3484
Ford Raptor '17,IDS_ModelShort_3485
Jeep Wrangler,IDS_ModelShort_3486
M-B X-Class,IDS_ModelShort_3487
VW Beetle,IDS_ModelShort_3488
Ford Bronco '21,IDS_ModelShort_3489
Bone Shaker MT,IDS_ModelShort_3514
#151 FD Supra
#411 FD Corolla
FR Stock Car,IDS_ModelShort_3528
Datsun 280Z,IDS_ModelShort_3529
VW Golf '92,IDS_ModelShort_353
VW Golf '03,IDS_ModelShort_354
SIERRA RX3,IDS_ModelShort_3540
Wuling Sunshine,IDS_ModelShort_3548
#91 BMW M2
BMW X5M FE,IDS_ModelShort_3556
Corvette '53 FE,IDS_ModelShort_3559
Charger '69 FE,IDS_ModelShort_3561
Exocet OR FE,IDS_ModelShort_3562
Ford Puma FE,IDS_ModelShort_3564
Maserati GTS FE,IDS_ModelShort_3568
Mitsubishi GTO,IDS_ModelShort_357
Meyers Manx FE,IDS_ModelShort_3570
Pagani Huayra FE,IDS_ModelShort_3572
Firebird TA FE,IDS_ModelShort_3573
911 GT3 RS FE,IDS_ModelShort_3574
Beetle '63 FE,IDS_ModelShort_3577
Ferrari 288 GTO,IDS_ModelShort_358
SUBARU 22B,IDS_ModelShort_363
Carnival Float,IDS_ModelShort_3634
VW Beetle,IDS_ModelShort_3636
MG Metro 6R4,IDS_ModelShort_3639
SUBARU WRX '04,IDS_ModelShort_364
Ford Focus '17,IDS_ModelShort_3640
SUBARU WRX '05,IDS_ModelShort_365
Mercedes-AMG ONE,IDS_ModelShort_3650
VW Beetle Taxi,IDS_ModelShort_3664
Acura Integra,IDS_ModelShort_368
Supra '98 WP,IDS_ModelShort_3681
Apollo IE WP,IDS_ModelShort_3682
Lancer GSR WP,IDS_ModelShort_3683
Bronco R WP,IDS_ModelShort_3684
Taycan S WP,IDS_ModelShort_3685
Ford GT OPI,IDS_ModelShort_3699
Lancer MR '06,IDS_ModelShort_374
Lancer GSR '99,IDS_ModelShort_375
Lancer MR '04,IDS_ModelShort_378
BMW M3 '97,IDS_ModelShort_382
BMW M3 '05,IDS_ModelShort_383
Vauxhall Monaro,IDS_ModelShort_397
Ford Mustang '00,IDS_ModelShort_405
Honda NSX-R '05,IDS_ModelShort_411
Honda NSX-R '92,IDS_ModelShort_412
Buick Regal GNX,IDS_ModelShort_417
Audi RS 4 '06,IDS_ModelShort_419
Audi RS 6 '03,IDS_ModelShort_420
Acura RSX,IDS_ModelShort_422
Mazda RX-7 '90,IDS_ModelShort_423
Mazda RX-7 '97,IDS_ModelShort_424
RX-7 Spirit R,IDS_ModelShort_425
Honda S2000,IDS_ModelShort_427
Saleen S7,IDS_ModelShort_432
TVR Sagaris,IDS_ModelShort_433
Silvia '92,IDS_ModelShort_439
Silvia '94,IDS_ModelShort_440
Silvia '00,IDS_ModelShort_441
Nissan GT-R '93,IDS_ModelShort_444
Nissan GT-R '02,IDS_ModelShort_445
Toyota Trueno,IDS_ModelShort_455
Toyota Supra '92,IDS_ModelShort_460
Toyota Supra '98,IDS_ModelShort_461
Dodge Viper '99,IDS_ModelShort_483
Jaguar XJ220,IDS_ModelShort_489
Dodge Charger 69,IDS_ModelShort_513
BMW M3-GTR,IDS_ModelShort_565
Nissan R390,IDS_ModelShort_567
M-B CLK-GTR,IDS_ModelShort_568
Honda NSX-R GT,IDS_ModelShort_569
Peugeot 207 S,IDS_ModelShort_615
Honda Civic '07,IDS_ModelShort_625
Audi quattro,IDS_ModelShort_633
Renault 5 Turbo,IDS_ModelShort_634
Lambo Miura,IDS_ModelShort_637
Challenger '70,IDS_ModelShort_639
Porsche 911 GT1,IDS_ModelShort_641
BMW M3 '91,IDS_ModelShort_642
Peugeot 205 T16,IDS_ModelShort_9000
Mercedes-AMG ONE,IDS_ModelShort_9003