IDS_DisplayName_1,Acura
IDS_DisplayName_1001,Alejandra's
IDS_DisplayName_102,Hennessey
IDS_DisplayName_107,Ariel
IDS_DisplayName_108,KTM
IDS_DisplayName_109,Caterham
IDS_DisplayName_11,Dodge
IDS_DisplayName_111,BAC
IDS_DisplayName_118,Donkervoort
IDS_DisplayName_122,Local Motors
IDS_DisplayName_123,Ram
IDS_DisplayName_124,Datsun
IDS_DisplayName_127,Lola
IDS_DisplayName_128,Auto Union
IDS_DisplayName_13,Ferrari
IDS_DisplayName_133,Zenvo
IDS_DisplayName_137,Mercedes-AMG
IDS_DisplayName_138,HSV
IDS_DisplayName_139,Meyers
IDS_DisplayName_14,Ford
IDS_DisplayName_140,Penhall
IDS_DisplayName_141,Polaris
IDS_DisplayName_142,Alumi Craft
IDS_DisplayName_144,International
IDS_DisplayName_146,Reliant
IDS_DisplayName_148,Hot Wheels
IDS_DisplayName_151,RJ Anderson
IDS_DisplayName_156,Hoonigan
IDS_DisplayName_159,VUHL
IDS_DisplayName_16,Honda
IDS_DisplayName_161,Exomotive
IDS_DisplayName_162,Can-Am
IDS_DisplayName_165,Morris
IDS_DisplayName_166,Funco Motorsports
IDS_DisplayName_17,Hyundai
IDS_DisplayName_171,Peel
IDS_DisplayName_172,Formula Drift
IDS_DisplayName_173,Napier
IDS_DisplayName_179,Alpine
IDS_DisplayName_18,Infiniti
IDS_DisplayName_181,Willys
IDS_DisplayName_183,Rimac
IDS_DisplayName_184,Apollo
IDS_DisplayName_185,Italdesign
IDS_DisplayName_187,RAESR
IDS_DisplayName_19,Jaguar
IDS_DisplayName_2,Aston Martin
IDS_DisplayName_20,Koenigsegg
IDS_DisplayName_200,Playground
IDS_DisplayName_201,NIO
IDS_DisplayName_206,DeBerti
IDS_DisplayName_21,Lamborghini
IDS_DisplayName_212,Forsberg Racing
IDS_DisplayName_213,SIERRA Cars
IDS_DisplayName_215,Wuling
IDS_DisplayName_23,Lexus
IDS_DisplayName_24,Lotus
IDS_DisplayName_25,Maserati
IDS_DisplayName_26,Mazda
IDS_DisplayName_27,McLaren
IDS_DisplayName_28,Mercedes-Benz
IDS_DisplayName_29,MINI
IDS_DisplayName_3,Audi
IDS_DisplayName_30,Mitsubishi
IDS_DisplayName_31,Nissan
IDS_DisplayName_32,Opel
IDS_DisplayName_34,Pagani
IDS_DisplayName_36,Peugeot
IDS_DisplayName_38,Pontiac
IDS_DisplayName_39,Porsche
IDS_DisplayName_4,Bentley
IDS_DisplayName_41,Renault
IDS_DisplayName_43,Saleen
IDS_DisplayName_47,Shelby
IDS_DisplayName_48,SUBARU
IDS_DisplayName_49,Toyota
IDS_DisplayName_50,TVR
IDS_DisplayName_51,Vauxhall
IDS_DisplayName_52,Volkswagen
IDS_DisplayName_53,Volvo
IDS_DisplayName_55,Land Rover
IDS_DisplayName_58,Bugatti
IDS_DisplayName_59,Holden
IDS_DisplayName_6,BMW
IDS_DisplayName_64,Morgan
IDS_DisplayName_65,Mosler
IDS_DisplayName_66,Radical
IDS_DisplayName_7,Buick
IDS_DisplayName_76,AMC
IDS_DisplayName_78,DeLorean
IDS_DisplayName_79,Mercury
IDS_DisplayName_8,Cadillac
IDS_DisplayName_80,GMC
IDS_DisplayName_85,HUMMER
IDS_DisplayName_86,AMG Transport Dynamics
IDS_DisplayName_88,Jeep
IDS_DisplayName_89,Plymouth
IDS_DisplayName_9,Chevrolet
IDS_DisplayName_96,Ultima
IDS_DisplayName_97,Austin-Healey
IDS_DisplayName_98,MG