ID,DisplayName,ManufacturerCode,CountryID,IconPath,IconPathLarge,IconPathBase,Profile
1,_&8687362391440213817,ACU,10,game:\Media\Stripped\RC0\Manu_Logo_ACU.swatchbin,game:\Media\Stripped\RC0\L_Manu_Logo_ACU.swatchbin,Acura,_&8687362390584314843
2,_&8687362391440213689,AST,9,game:\Media\Stripped\RC0\Manu_Logo_AST.swatchbin,game:\Media\Stripped\RC0\L_Manu_Logo_AST.swatchbin,AstonMartin,_&8687362390584314459
3,_&8687362391440213561,AUD,3,game:\Media\Stripped\RC0\Manu_Logo_AUD.swatchbin,game:\Media\Stripped\RC0\L_Manu_Logo_AUD.swatchbin,Audi,_&8687362390584314587
4,_&8687362391440213433,BEN,9,game:\Media\Stripped\RC0\Manu_Logo_BEN.swatchbin,game:\Media\Stripped\RC0\L_Manu_Logo_BEN.swatchbin,Bentley,_&8687362390584314203
6,_&8687362391440213177,BMW,3,game:\Media\Stripped\RC0\Manu_Logo_BMW.swatchbin,game:\Media\Stripped\RC0\L_Manu_Logo_BMW.swatchbin,BMW,_&8687362390584313947
7,_&8687362391440213049,BUI,10,game:\Media\Stripped\RC0\Manu_Logo_BUI.swatchbin,game:\Media\Stripped\RC0\L_Manu_Logo_BUI.swatchbin,Buick,_&8687362390584314075
8,_&8687362391440212921,CAD,10,game:\Media\Stripped\RC0\Manu_Logo_CAD.swatchbin,game:\Media\Stripped\RC0\L_Manu_Logo_CAD.swatchbin,Cadillac,_&8687362390584315739
9,_&8687362391440212793,CHE,10,game:\Media\Stripped\RC0\Manu_Logo_CHE.swatchbin,game:\Media\Stripped\RC0\L_Manu_Logo_CHE.swatchbin,Chevrolet,_&8687362390584315867
11,_&8687362392245634080,DOD,10,game:\Media\Stripped\RC0\Manu_Logo_DOD.swatchbin,game:\Media\Stripped\RC0\L_Manu_Logo_DOD.swatchbin,Dodge,_&8687362394359723270
13,_&8687362392245634336,FER,4,game:\Media\Stripped\RC0\Manu_Logo_FER.swatchbin,game:\Media\Stripped\RC0\L_Manu_Logo_FER.swatchbin,Ferrari,_&8687362394359723014
14,_&8687362392245634720,FOR,10,game:\Media\Stripped\RC0\Manu_Logo_FOR.swatchbin,game:\Media\Stripped\RC0\L_Manu_Logo_FOR.swatchbin,Ford,_&8687362394359723910
16,_&8687362392245634976,HON,5,game:\Media\Stripped\RC0\Manu_Logo_HON.swatchbin,game:\Media\Stripped\RC0\L_Manu_Logo_HON.swatchbin,Honda,_&8687362394359723654
17,_&8687362392245634848,HYU,6,game:\Media\Stripped\RC0\Manu_Logo_HYU.swatchbin,game:\Media\Stripped\RC0\L_Manu_Logo_HYU.swatchbin,Hyundai,_&8687362394359723526
18,_&8687362392245633184,INF,10,game:\Media\Stripped\RC0\Manu_Logo_INF.swatchbin,game:\Media\Stripped\RC0\L_Manu_Logo_INF.swatchbin,Infiniti,_&8687362394359722374
19,_&8687362392245633056,JAG,9,game:\Media\Stripped\RC0\Manu_Logo_JAG.swatchbin,game:\Media\Stripped\RC0\L_Manu_Logo_JAG.swatchbin,Jaguar,_&8687362394359722246
20,_&8687362392245617824,KOE,8,game:\Media\Stripped\RC0\Manu_Logo_KOE.swatchbin,game:\Media\Stripped\RC0\L_Manu_Logo_KOE.swatchbin,Koenigsegg,_&8687362394359674246
21,_&8687362392245617696,LAM,4,game:\Media\Stripped\RC0\Manu_Logo_LAM.swatchbin,game:\Media\Stripped\RC0\L_Manu_Logo_LAM.swatchbin,Lamborghini,_&8687362394359674118
23,_&8687362392245617952,LEX,10,game:\Media\Stripped\RC0\Manu_Logo_LEX.swatchbin,game:\Media\Stripped\RC0\L_Manu_Logo_LEX.swatchbin,Lexus,_&8687362394359673862
24,_&8687362392245618336,LOT,9,game:\Media\Stripped\RC0\Manu_Logo_LOT.swatchbin,game:\Media\Stripped\RC0\L_Manu_Logo_LOT.swatchbin,Lotus,_&8687362394359674758
25,_&8687362392245618208,MAS,4,game:\Media\Stripped\RC0\Manu_Logo_MAS.swatchbin,game:\Media\Stripped\RC0\L_Manu_Logo_MAS.swatchbin,Maserati,_&8687362394359674630
26,_&8687362392245618592,MAZ,5,game:\Media\Stripped\RC0\Manu_Logo_MAZ.swatchbin,game:\Media\Stripped\RC0\L_Manu_Logo_MAZ.swatchbin,Mazda,_&8687362394359674502
27,_&8687362392245618464,MCL,9,game:\Media\Stripped\RC0\Manu_Logo_MCL.swatchbin,game:\Media\Stripped\RC0\L_Manu_Logo_MCL.swatchbin,McLaren,_&8687362394359674374
28,_&8687362392245616800,MER,3,game:\Media\Stripped\RC0\Manu_Logo_MER.swatchbin,game:\Media\Stripped\RC0\L_Manu_Logo_MER.swatchbin,Mercedes,_&8687362394359673222
29,_&8687362392245616672,MIN,9,game:\Media\Stripped\RC0\Manu_Logo_MIN.swatchbin,game:\Media\Stripped\RC0\L_Manu_Logo_MIN.swatchbin,MINI,_&8687362394359673094
30,_&8687362392245601440,MIT,5,game:\Media\Stripped\RC0\Manu_Logo_MIT.swatchbin,game:\Media\Stripped\RC0\L_Manu_Logo_MIT.swatchbin,Mitsubishi,_&8687362394359690630
31,_&8687362392245601312,NIS,5,game:\Media\Stripped\RC0\Manu_Logo_NIS.swatchbin,game:\Media\Stripped\RC0\L_Manu_Logo_NIS.swatchbin,Nissan,_&8687362394359690502
32,_&8687362392245601696,OPE,3,game:\Media\Stripped\RC0\Manu_Logo_OPE.swatchbin,game:\Media\Stripped\RC0\L_Manu_Logo_OPE.swatchbin,Opel,_&8687362394359690374
34,_&8687362392245601952,PAG,4,game:\Media\Stripped\RC0\Manu_Logo_PAG.swatchbin,game:\Media\Stripped\RC0\L_Manu_Logo_PAG.swatchbin,Pagani,_&8687362394359691142
36,_&8687362392245602208,PEU,2,game:\Media\Stripped\RC0\Manu_Logo_PEU.swatchbin,game:\Media\Stripped\RC0\L_Manu_Logo_PEU.swatchbin,Peugeot,_&8687362394359690886
38,_&8687362392245600416,PON,10,game:\Media\Stripped\RC0\Manu_Logo_PON.swatchbin,game:\Media\Stripped\RC0\L_Manu_Logo_PON.swatchbin,Pontiac,_&8687362394359689606
39,_&8687362392245600288,POR,3,game:\Media\Stripped\RC0\Manu_Logo_POR.swatchbin,game:\Media\Stripped\RC0\L_Manu_Logo_POR.swatchbin,POR,_&8687362394359689478
41,_&8687362392245584928,REN,2,game:\Media\Stripped\RC0\Manu_Logo_REN.swatchbin,game:\Media\Stripped\RC0\L_Manu_Logo_REN.swatchbin,Renault,_&8687362394359641350
43,_&8687362392245585184,SAL,10,game:\Media\Stripped\RC0\Manu_Logo_SAL.swatchbin,game:\Media\Stripped\RC0\L_Manu_Logo_SAL.swatchbin,Saleen,_&8687362394359641094
47,_&8687362392245585696,SHE,10,game:\Media\Stripped\RC0\Manu_Logo_SHE.swatchbin,game:\Media\Stripped\RC0\L_Manu_Logo_SHE.swatchbin,Shelby,_&8687362394359641606
48,_&8687362392245584032,SUB,5,game:\Media\Stripped\RC0\Manu_Logo_SUB.swatchbin,game:\Media\Stripped\RC0\L_Manu_Logo_SUB.swatchbin,SUBARU,_&8687362394359640454
49,_&8687362392245583904,TOY,5,game:\Media\Stripped\RC0\Manu_Logo_TOY.swatchbin,game:\Media\Stripped\RC0\L_Manu_Logo_TOY.swatchbin,Toyota,_&8687362394359640326
50,_&8687362392245568672,TVR,9,game:\Media\Stripped\RC0\Manu_Logo_TVR.swatchbin,game:\Media\Stripped\RC0\L_Manu_Logo_TVR.swatchbin,TVR,_&8687362394359657862
51,_&8687362392245568544,VAU,9,game:\Media\Stripped\RC0\Manu_Logo_VAU.swatchbin,game:\Media\Stripped\RC0\L_Manu_Logo_VAU.swatchbin,Vauxhall,_&8687362394359657734
52,_&8687362392245568928,VW,3,game:\Media\Stripped\RC0\Manu_Logo_VW.swatchbin,game:\Media\Stripped\RC0\L_Manu_Logo_VW.swatchbin,Volkswagen,_&8687362394359657606
53,_&8687362392245568800,VOL,8,game:\Media\Stripped\RC0\Manu_Logo_VOL.swatchbin,game:\Media\Stripped\RC0\L_Manu_Logo_VOL.swatchbin,Volvo,_&8687362394359657478
55,_&8687362392245569056,LR,9,game:\Media\Stripped\RC0\Manu_Logo_LR.swatchbin,game:\Media\Stripped\RC0\L_Manu_Logo_LR.swatchbin,LandRover,_&8687362394359658246
58,_&8687362392245567648,BUG,2,game:\Media\Stripped\RC0\Manu_Logo_BUG.swatchbin,game:\Media\Stripped\RC0\L_Manu_Logo_BUG.swatchbin,Bugatti,_&8687362394359656838
59,_&8687362392245567520,HOL,1,game:\Media\Stripped\RC0\Manu_Logo_HOL.swatchbin,game:\Media\Stripped\RC0\L_Manu_Logo_HOL.swatchbin,Holden,_&8687362394359656710
64,_&8687362392245552800,MOR,9,game:\Media\Stripped\RC0\Manu_Logo_MOR.swatchbin,game:\Media\Stripped\RC0\L_Manu_Logo_MOR.swatchbin,Morgan,_&8687362394359609222
65,_&8687362392245552672,MOS,10,game:\Media\Stripped\RC0\Manu_Logo_MOS.swatchbin,game:\Media\Stripped\RC0\L_Manu_Logo_MOS.swatchbin,Mosler,_&8687362394359609094
66,_&8687362392245553056,RAD,9,game:\Media\Stripped\RC0\Manu_Logo_RAD.swatchbin,game:\Media\Stripped\RC0\L_Manu_Logo_RAD.swatchbin,Radical,_&8687362394359608966
76,_&8687362392245536672,AMC,10,game:\Media\Stripped\RC0\Manu_Logo_AMC.swatchbin,game:\Media\Stripped\RC0\L_Manu_Logo_AMC.swatchbin,AMC,_&8687362394359625350
78,_&8687362392245534880,DEL,10,game:\Media\Stripped\RC0\Manu_Logo_DEL.swatchbin,game:\Media\Stripped\RC0\L_Manu_Logo_DEL.swatchbin,DeLorean,_&8687362394359624070
79,_&8687362392245534752,MRC,10,game:\Media\Stripped\RC1\Manu_Logo_MRC.swatchbin,game:\Media\Stripped\RC1\L_Manu_Logo_MRC.swatchbin,Mercury,_&8687362394359623942
80,_&8687362392245519520,GMC,10,game:\Media\Stripped\RC0\Manu_Logo_GMC.swatchbin,game:\Media\Stripped\RC0\L_Manu_Logo_GMC.swatchbin,GMC,_&8687362394359838086
85,_&8687362392245519904,HUM,10,game:\Media\Stripped\RC0\Manu_Logo_HUM.swatchbin,game:\Media\Stripped\RC0\L_Manu_Logo_HUM.swatchbin,Hummer,_&8687362394359838470
86,_&8687362392245520288,AMG,10,game:\Media\Stripped\RC0\Manu_Logo_AMG.swatchbin,game:\Media\Stripped\RC0\L_Manu_Logo_AMG.swatchbin,AMG,_&8687362394359838342
88,_&8687362392245518496,JEE,10,game:\Media\Stripped\RC0\Manu_Logo_JEE.swatchbin,game:\Media\Stripped\RC0\L_Manu_Logo_JEE.swatchbin,Jeep,_&8687362394359837062
89,_&8687362392245518368,PLY,10,game:\Media\Stripped\RC0\Manu_Logo_PLY.swatchbin,game:\Media\Stripped\RC0\L_Manu_Logo_PLY.swatchbin,Plymouth,_&8687362394359836934
96,_&8687362392245503904,ULT,9,game:\Media\Stripped\RC0\Manu_Logo_ULT.swatchbin,game:\Media\Stripped\RC0\L_Manu_Logo_ULT.swatchbin,ULT,_&8687362394359854726
97,_&8687362392245503776,AH,9,game:\Media\Stripped\RC0\Manu_Logo_AH.swatchbin,game:\Media\Stripped\RC0\L_Manu_Logo_AH.swatchbin,AH,_&8687362394359854598
98,_&8687362392245502112,MG,9,game:\Media\Stripped\RC0\Manu_Logo_MG.swatchbin,game:\Media\Stripped\RC0\L_Manu_Logo_MG.swatchbin,MG,_&8687362394359853446
102,_&8687362392260233528,HEN,10,game:\Media\Stripped\RC0\Manu_Logo_HEN.swatchbin,game:\Media\Stripped\RC0\L_Manu_Logo_HEN.swatchbin,HEN,_&8687362392280717943
107,_&8687362392260234168,ARI,9,game:\Media\Stripped\RC0\Manu_Logo_ARI.swatchbin,game:\Media\Stripped\RC0\L_Manu_Logo_ARI.swatchbin,ARI,_&8687362392280717559
108,_&8687362392260234296,KTM,16,game:\Media\Stripped\RC0\Manu_Logo_KTM.swatchbin,game:\Media\Stripped\RC0\L_Manu_Logo_KTM.swatchbin,KTM,_&8687362392280719223
109,_&8687362392260234424,CAT,9,game:\Media\Stripped\RC0\Manu_Logo_CAT.swatchbin,game:\Media\Stripped\RC0\L_Manu_Logo_CAT.swatchbin,CAT,_&8687362392280719351
111,_&8687362392260217016,BAC,9,game:\Media\Stripped\RC0\Manu_Logo_BAC.swatchbin,game:\Media\Stripped\RC0\L_Manu_Logo_BAC.swatchbin,BAC,_&8687362392280701943
118,_&8687362392260217912,DON,12,game:\Media\Stripped\RC2\Manu_Logo_DON.swatchbin,game:\Media\Stripped\RC2\L_Manu_Logo_DON.swatchbin,DON,_&8687362392280702839
122,_&8687362392260266296,LOC,10,game:\Media\Stripped\RC0\Manu_Logo_LOC.swatchbin,game:\Media\Stripped\RC0\L_Manu_Logo_LOC.swatchbin,LOC,_&8687362392280685175
123,_&8687362392260266424,RAM,10,game:\Media\Stripped\RC0\Manu_Logo_RAM.swatchbin,game:\Media\Stripped\RC0\L_Manu_Logo_RAM.swatchbin,RAM,_&8687362392280685303
124,_&8687362392260266552,DAT,5,game:\Media\Stripped\RC0\Manu_Logo_DAT.swatchbin,game:\Media\Stripped\RC0\L_Manu_Logo_DAT.swatchbin,DAT,_&8687362392280684919
127,_&8687362392260266936,LOL,9,game:\Media\Stripped\RC0\Manu_Logo_LOL.swatchbin,game:\Media\Stripped\RC0\L_Manu_Logo_LOL.swatchbin,LOL,_&8687362392280684791
128,_&8687362392260267064,AUT,3,game:\Media\Stripped\RC0\Manu_Logo_AUT.swatchbin,game:\Media\Stripped\RC0\L_Manu_Logo_AUT.swatchbin,AUT,_&8687362392280686455
133,_&8687362392260250040,ZEN,18,game:\Media\Stripped\RC0\Manu_Logo_ZEN.swatchbin,game:\Media\Stripped\RC0\L_Manu_Logo_ZEN.swatchbin,ZEN,_&8687362392280668919
137,_&8687362392260250552,MA,3,game:\Media\Stripped\RC0\Manu_Logo_MA.swatchbin,game:\Media\Stripped\RC0\L_Manu_Logo_MA.swatchbin,MA,_&8687362392280668407
138,_&8687362392260250680,HSV,1,game:\Media\Stripped\RC0\Manu_Logo_HSV.swatchbin,game:\Media\Stripped\RC0\L_Manu_Logo_HSV.swatchbin,HSV,_&8687362392280670071
139,_&8687362392260250808,MEY,10,game:\Media\Stripped\RC0\Manu_Logo_MEY.swatchbin,game:\Media\Stripped\RC0\L_Manu_Logo_MEY.swatchbin,MEY,_&8687362392280670199
140,_&8687362392260298808,PEN,10,game:\Media\Stripped\RC0\Manu_Logo_PEN.swatchbin,game:\Media\Stripped\RC0\L_Manu_Logo_PEN.swatchbin,PEN,_&8687362392280783735
141,_&8687362392260298936,POL,10,game:\Media\Stripped\RC0\Manu_Logo_POL.swatchbin,game:\Media\Stripped\RC0\L_Manu_Logo_POL.swatchbin,POL,_&8687362392280783863
142,_&8687362392260299064,AC,10,game:\Media\Stripped\RC0\Manu_Logo_AC.swatchbin,game:\Media\Stripped\RC0\L_Manu_Logo_AC.swatchbin,AC,_&8687362392280783479
144,_&8687362392260299320,INT,10,game:\Media\Stripped\RC0\Manu_Logo_INT.swatchbin,game:\Media\Stripped\RC0\L_Manu_Logo_INT.swatchbin,INT,_&8687362392280783223
146,_&8687362392260299576,REL,9,game:\Media\Stripped\RC0\Manu_Logo_REL.swatchbin,game:\Media\Stripped\RC0\L_Manu_Logo_REL.swatchbin,REL,_&8687362392280782967
148,_&8687362392260299832,HOT,10,game:\Media\Stripped\RC0\Manu_Logo_HOT.swatchbin,game:\Media\Stripped\RC0\L_Manu_Logo_HOT.swatchbin,HOT,_&8687362392280784759
151,_&8687362392260282552,RJ,10,game:\Media\Stripped\RC0\Manu_Logo_RJ.swatchbin,game:\Media\Stripped\RC0\L_Manu_Logo_RJ.swatchbin,RJ,_&8687362392280767479
156,_&8687362392260283192,HOO,10,game:\Media\Stripped\RC0\Manu_Logo_HOO.swatchbin,game:\Media\Stripped\RC0\L_Manu_Logo_HOO.swatchbin,HOO,_&8687362392280766583
159,_&8687362392260283576,VUH,20,game:\Media\Stripped\RC0\Manu_Logo_VUH.swatchbin,game:\Media\Stripped\RC0\L_Manu_Logo_VUH.swatchbin,VUH,_&8687362392280768503
161,_&8687362392260331704,EXO,10,game:\Media\Stripped\RC0\Manu_Logo_EXO.swatchbin,game:\Media\Stripped\RC0\L_Manu_Logo_EXO.swatchbin,EXO,_&8687362392280751095
162,_&8687362392260331832,CAN,26,game:\Media\Stripped\RC0\Manu_Logo_CAN.swatchbin,game:\Media\Stripped\RC0\L_Manu_Logo_CAN.swatchbin,EXO,_&8687362392280750711
165,_&8687362392260332216,MRS,9,game:\Media\Stripped\RC0\Manu_Logo_MRS.swatchbin,game:\Media\Stripped\RC0\L_Manu_Logo_MRS.swatchbin,MRS,_&8687362392280750583
166,_&8687362392260332344,FUN,10,game:\Media\Stripped\RC0\Manu_Logo_FUN.swatchbin,game:\Media\Stripped\RC0\L_Manu_Logo_FUN.swatchbin,FUN,_&8687362392280750199
171,_&8687362392260315320,PEE,9,game:\Media\Stripped\RC2\Manu_Logo_PEE.swatchbin,game:\Media\Stripped\RC2\L_Manu_Logo_PEE.swatchbin,PEE,_&8687362392280734711
172,_&8687362392260315448,FD,10,game:\Media\Stripped\RC0\Manu_Logo_FD.swatchbin,game:\Media\Stripped\RC0\L_Manu_Logo_FD.swatchbin,FD,_&8687362392280734327
173,_&8687362392260315576,NAP,9,game:\Media\Stripped\RC0\Manu_Logo_NAP.swatchbin,game:\Media\Stripped\RC0\L_Manu_Logo_NAP.swatchbin,NAP,_&8687362392280734455
179,_&8687362392260316344,ALP,2,game:\Media\Stripped\RC0\Manu_Logo_ALP.swatchbin,game:\Media\Stripped\RC0\L_Manu_Logo_ALP.swatchbin,ALP,_&8687362392280735735
181,_&8687362392260102328,WIL,10,game:\Media\Stripped\RC0\Manu_Logo_WIL.swatchbin,game:\Media\Stripped\RC0\L_Manu_Logo_WIL.swatchbin,WIL,_&8687362392280587255
183,_&8687362392260102584,RIM,30,game:\Media\Stripped\RC0\Manu_Logo_RIM.swatchbin,game:\Media\Stripped\RC0\L_Manu_Logo_RIM.swatchbin,RIM,_&8687362392280586999
184,_&8687362392260102712,APO,3,game:\Media\Stripped\RC0\Manu_Logo_APO.swatchbin,game:\Media\Stripped\RC0\L_Manu_Logo_APO.swatchbin,APO,_&8687362392280586615
185,_&8687362392260102840,ITA,4,game:\Media\Stripped\RC0\Manu_Logo_ITA.swatchbin,game:\Media\Stripped\RC0\L_Manu_Logo_ITA.swatchbin,ITA,_&8687362392280586743
187,_&8687362392260103096,RAE,10,game:\Media\Stripped\RC0\Manu_Logo_RAE.swatchbin,game:\Media\Stripped\RC0\L_Manu_Logo_RAE.swatchbin,RAE,_&8687362392280586487
200,_&8687362392258136120,PG,9,game:\Media\Stripped\RC0\Manu_Logo_PG.swatchbin,game:\Media\Stripped\RC0\L_Manu_Logo_PG.swatchbin,PG,_&8687362392274426743
201,_&8687362392258136248,NIO,31,game:\Media\Stripped\RC4\Manu_Logo_NIO.swatchbin,game:\Media\Stripped\RC4\L_Manu_Logo_NIO.swatchbin,NIO,_&8687362392274426871
206,_&8687362392258136888,DEB,10,game:\Media\Stripped\RC0\Manu_Logo_DEB.swatchbin,game:\Media\Stripped\RC0\L_Manu_Logo_DEB.swatchbin,DEB,_&8687362392274425975
212,_&8687362392258119992,CFR,10,game:\Media\Stripped\RC1\Manu_Logo_CFR.swatchbin,game:\Media\Stripped\RC1\L_Manu_Logo_CFR.swatchbin,CFR,_&8687362392274410103
213,_&8687362392258120120,SIE,10,game:\Media\Stripped\RC0\Manu_Logo_SIE.swatchbin,game:\Media\Stripped\RC0\L_Manu_Logo_SIE.swatchbin,SIE,_&8687362392274410231
215,_&8687362392258120376,WUL,31,game:\Media\Stripped\RC4\Manu_Logo_WUL.swatchbin,game:\Media\Stripped\RC4\L_Manu_Logo_WUL.swatchbin,WUL,_&8687362392274409975
1001,_&8687362394128909496,PG,20,game:\Media\Stripped\RC0\Manu_Logo_PG.swatchbin,game:\Media\Stripped\RC0\L_Manu_Logo_PG.swatchbin,PG,_&8687362392456012601